timestamp,trader_id,market_id,realized_pnl,fees,net_pnl
2026-02-11 12:09:29.974046+00:00,7KNXqvHu2QWvDq8cGPGvKZhFvYnz3kQ5mL8xRt2Bp9uV,SOL/USDC,99.0,1.0,98.0
2026-02-11 13:09:29.974046+00:00,5FxM2nQwP4vYkL9mT3xRd8eJbWp7sN6gH2cKt9uVfXyZ,ETH/USDC,-252.0,2.0,-254.0
2026-02-11 14:09:29.974046+00:00,9DpT3vHx5kN2qL8mR7wYfJ6bP4sE1cG9nZ5tK3uVwXyA,SOL-PERP,199.0,1.0,198.0
2026-02-11 15:09:29.974046+00:00,4MqL8vYx2kP9nT7wR5fH3bJ6sE1cG4nZ8tK2uVwXyBpQ,BTC-PERP,1990.0,10.0,1980.0
2026-02-11 16:09:29.974046+00:00,6NrK9wZx3mQ8pU7vS4gI2dL5tF1eH7oA9yM3xVbCwRtE,ETH-PERP,-254.0,4.0,-258.0
2026-02-12 10:09:29.974046+00:00,8QtN2xWy5lR7mV9uT6hK3eM4pG1fJ8nB7zL4wVcDxSeF,SOL-CALL-120-FEB28,29.0,1.0,28.0
2026-02-12 12:09:29.974046+00:00,7KNXqvHu2QWvDq8cGPGvKZhFvYnz3kQ5mL8xRt2Bp9uV,SOL-CALL-110-FEB28,39.0,1.0,38.0
2026-02-12 22:09:29.974046+00:00,3HsJ7yVz4nQ6oW8tS5gL2fN9rH1eK6mC8xM5vBdEwRuG,SOL-PUT-90-FEB28,36.1,1.4,34.7
2026-02-13 10:09:29.974046+00:00,2PrM8xUz6oT5nY7vR4jL3gP1sH9eN4mD6zK8wCfGxQuH,ETH-PUT-1900-FEB28,-127.0,2.0,-129.0
2026-02-13 12:09:29.974046+00:00,7KNXqvHu2QWvDq8cGPGvKZhFvYnz3kQ5mL8xRt2Bp9uV,SOL-CALL-110-FEB28,69.0,1.0,68.0
2026-02-28 10:09:29.974046+00:00,5TpQ9yXz7mS6oV8uR3kM2hN4rJ1fL5nE7xP6wDgHySvI,BTC-CALL-50000-FEB28,2980.0,20.0,2960.0
2026-03-01 10:09:29.974046+00:00,4WqP8zYx5nT7mU9tS2lN6jM3rK1gH4oC8yL5vEfJxRwK,SOL-PUT-80-FEB28,-60.2,0.2,-60.400000000000006
