trader_id,product_type,total_fees
2PrM8xUz6oT5nY7vR4jL3gP1sH9eN4mD6zK8wCfGxQuH,option,2.0
3HsJ7yVz4nQ6oW8tS5gL2fN9rH1eK6mC8xM5vBdEwRuG,option,1.4
4MqL8vYx2kP9nT7wR5fH3bJ6sE1cG4nZ8tK2uVwXyBpQ,perp,40.0
4WqP8zYx5nT7mU9tS2lN6jM3rK1gH4oC8yL5vEfJxRwK,option,0.2
5FxM2nQwP4vYkL9mT3xRd8eJbWp7sN6gH2cKt9uVfXyZ,spot,2.0
5TpQ9yXz7mS6oV8uR3kM2hN4rJ1fL5nE7xP6wDgHySvI,option,20.0
6NrK9wZx3mQ8pU7vS4gI2dL5tF1eH7oA9yM3xVbCwRtE,perp,4.0
7KNXqvHu2QWvDq8cGPGvKZhFvYnz3kQ5mL8xRt2Bp9uV,option,2.0
7KNXqvHu2QWvDq8cGPGvKZhFvYnz3kQ5mL8xRt2Bp9uV,spot,1.0
8QtN2xWy5lR7mV9uT6hK3eM4pG1fJ8nB7zL4wVcDxSeF,option,1.0
9DpT3vHx5kN2qL8mR7wYfJ6bP4sE1cG9nZ5tK3uVwXyA,perp,1.0
